{
	"info": {
		"_postman_id": "629c60ba-8f26-4d71-9e6d-acee8956ced7",
		"name": "E-Commerce Application",
		"schema": "https://schema.getpostman.com/json/collection/v2.1.0/collection.json",
		"_exporter_id": "40408199"
	},
	"item": [
		{
			"name": "InventoryService",
			"item": [
				{
					"name": "inventoryservice addnew product",
					"event": [
						{
							"listen": "test",
							"script": {
								"exec": [
									""
								],
								"type": "text/javascript",
								"packages": {}
							}
						}
					],
					"protocolProfileBehavior": {
						"followRedirects": true,
						"disableUrlEncoding": false,
						"disableCookies": false
					},
					"request": {
						"auth": {
							"type": "noauth"
						},
						"method": "POST",
						"header": [
							{
								"key": "Content-Type",
								"value": "application/json"
							},
							{
								"key": "User-Agent",
								"value": "insomnia/10.1.1"
							}
						],
						"body": {
							"mode": "raw",
							"raw": "{\n    \"name\": \"ProGarden Tool Kit\",\n    \"price\": \"1499\",\n    \"productId\": \"10\",\n    \"category\": \"Gardening Tools\",\n    \"stockLevel\": \"100\"\n}\n\n\n\n\n\n\n\n\n",
							"options": {
								"raw": {
									"language": "json"
								}
							}
						},
						"url": {
							"raw": "localhost:8080/inventory/putproduct",
							"host": [
								"localhost"
							],
							"port": "8080",
							"path": [
								"inventory",
								"putproduct"
							]
						}
					},
					"response": []
				},
				{
					"name": "inventoryservice stockup by productId",
					"event": [
						{
							"listen": "test",
							"script": {
								"exec": [
									""
								],
								"type": "text/javascript",
								"packages": {}
							}
						}
					],
					"protocolProfileBehavior": {
						"followRedirects": true,
						"disableUrlEncoding": false,
						"disableCookies": false
					},
					"request": {
						"auth": {
							"type": "noauth"
						},
						"method": "PUT",
						"header": [
							{
								"key": "User-Agent",
								"value": "insomnia/10.1.1"
							}
						],
						"url": {
							"raw": "localhost:8080/inventory/product/5/update-stockup?quantity=100",
							"host": [
								"localhost"
							],
							"port": "8080",
							"path": [
								"inventory",
								"product",
								"5",
								"update-stockup"
							],
							"query": [
								{
									"key": "quantity",
									"value": "100"
								}
							]
						}
					},
					"response": []
				},
				{
					"name": "inventoryservice stock down by productId",
					"event": [
						{
							"listen": "test",
							"script": {
								"exec": [
									""
								],
								"type": "text/javascript",
								"packages": {}
							}
						}
					],
					"protocolProfileBehavior": {
						"followRedirects": true,
						"disableUrlEncoding": false,
						"disableCookies": false
					},
					"request": {
						"auth": {
							"type": "noauth"
						},
						"method": "PUT",
						"header": [
							{
								"key": "User-Agent",
								"value": "insomnia/10.1.1"
							},
							{
								"key": "",
								"value": ""
							}
						],
						"url": {
							"raw": "localhost:8080/inventory/product/1/update-stock?amount=1",
							"host": [
								"localhost"
							],
							"port": "8080",
							"path": [
								"inventory",
								"product",
								"1",
								"update-stock"
							],
							"query": [
								{
									"key": "amount",
									"value": "1"
								}
							]
						}
					},
					"response": []
				},
				{
					"name": "inventoryservice get inventory by productId",
					"event": [
						{
							"listen": "test",
							"script": {
								"exec": [
									""
								],
								"type": "text/javascript",
								"packages": {}
							}
						}
					],
					"protocolProfileBehavior": {
						"followRedirects": true,
						"disableUrlEncoding": false,
						"disableCookies": false
					},
					"request": {
						"auth": {
							"type": "noauth"
						},
						"method": "GET",
						"header": [
							{
								"key": "User-Agent",
								"value": "insomnia/10.1.1"
							}
						],
						"url": {
							"raw": "localhost:8080/inventory/product/1",
							"host": [
								"localhost"
							],
							"port": "8080",
							"path": [
								"inventory",
								"product",
								"1"
							]
						}
					},
					"response": []
				},
				{
					"name": "Inventoryservice getall products",
					"protocolProfileBehavior": {
						"disableBodyPruning": true
					},
					"request": {
						"auth": {
							"type": "noauth"
						},
						"method": "GET",
						"header": [],
						"body": {
							"mode": "raw",
							"raw": "",
							"options": {
								"raw": {
									"language": "json"
								}
							}
						},
						"url": {
							"raw": "localhost:8080/inventory/all",
							"host": [
								"localhost"
							],
							"port": "8080",
							"path": [
								"inventory",
								"all"
							]
						}
					},
					"response": []
				},
				{
					"name": "Inventoryservice search",
					"request": {
						"auth": {
							"type": "noauth"
						},
						"method": "GET",
						"header": [],
						"url": {
							"raw": "localhost:8080/inventory/search?category=Ho",
							"host": [
								"localhost"
							],
							"port": "8080",
							"path": [
								"inventory",
								"search"
							],
							"query": [
								{
									"key": "category",
									"value": "Ho"
								}
							]
						}
					},
					"response": []
				},
				{
					"name": "Inventoryservice getQuantity by product id",
					"request": {
						"auth": {
							"type": "noauth"
						},
						"method": "GET",
						"header": [],
						"url": {
							"raw": "localhost:8080/inventory/byQuantity/10",
							"host": [
								"localhost"
							],
							"port": "8080",
							"path": [
								"inventory",
								"byQuantity",
								"10"
							]
						}
					},
					"response": []
				}
			]
		},
		{
			"name": "PaymentSerevice",
			"item": [
				{
					"name": "payment service update status by id",
					"event": [
						{
							"listen": "test",
							"script": {
								"exec": [
									""
								],
								"type": "text/javascript",
								"packages": {}
							}
						}
					],
					"protocolProfileBehavior": {
						"followRedirects": true,
						"disableUrlEncoding": false,
						"disableCookies": false
					},
					"request": {
						"auth": {
							"type": "noauth"
						},
						"method": "PUT",
						"header": [
							{
								"key": "Content-Type",
								"value": "application/json"
							},
							{
								"key": "User-Agent",
								"value": "insomnia/10.1.1"
							}
						],
						"body": {
							"mode": "raw",
							"raw": "\"COMPLETED\"",
							"options": {
								"raw": {
									"language": "json"
								}
							}
						},
						"url": {
							"raw": "localhost:8080/payments/2/status",
							"host": [
								"localhost"
							],
							"port": "8080",
							"path": [
								"payments",
								"2",
								"status"
							]
						}
					},
					"response": []
				},
				{
					"name": "paymentservice payment by orderId",
					"event": [
						{
							"listen": "test",
							"script": {
								"exec": [
									""
								],
								"type": "text/javascript",
								"packages": {}
							}
						}
					],
					"protocolProfileBehavior": {
						"followRedirects": true,
						"disableUrlEncoding": false,
						"disableCookies": false
					},
					"request": {
						"auth": {
							"type": "noauth"
						},
						"method": "GET",
						"header": [
							{
								"key": "User-Agent",
								"value": "insomnia/10.1.1"
							}
						],
						"url": {
							"raw": "localhost:8080/payments/order/2",
							"host": [
								"localhost"
							],
							"port": "8080",
							"path": [
								"payments",
								"order",
								"2"
							]
						}
					},
					"response": []
				},
				{
					"name": "paymentservice add payment",
					"event": [
						{
							"listen": "test",
							"script": {
								"exec": [
									""
								],
								"type": "text/javascript",
								"packages": {}
							}
						}
					],
					"protocolProfileBehavior": {
						"followRedirects": true,
						"disableUrlEncoding": false,
						"disableCookies": false
					},
					"request": {
						"auth": {
							"type": "noauth"
						},
						"method": "POST",
						"header": [
							{
								"key": "Content-Type",
								"value": "application/json"
							},
							{
								"key": "User-Agent",
								"value": "insomnia/10.1.1"
							}
						],
						"body": {
							"mode": "raw",
							"raw": "{\n\t\"orderId\":\"6\",\n\t\"amount\":\"90000\",\n\t\"transactionId\":\"TRANS_1234\",\n\t\"status\":\"PENDING\"\n}",
							"options": {
								"raw": {
									"language": "json"
								}
							}
						},
						"url": {
							"raw": "localhost:8080/payments",
							"host": [
								"localhost"
							],
							"port": "8080",
							"path": [
								"payments"
							]
						}
					},
					"response": []
				}
			]
		},
		{
			"name": "OrderService",
			"item": [
				{
					"name": "orderservice update order by state",
					"event": [
						{
							"listen": "test",
							"script": {
								"exec": [
									""
								],
								"type": "text/javascript",
								"packages": {}
							}
						}
					],
					"protocolProfileBehavior": {
						"followRedirects": true,
						"disableUrlEncoding": false,
						"disableCookies": false
					},
					"request": {
						"auth": {
							"type": "noauth"
						},
						"method": "PUT",
						"header": [
							{
								"key": "Content-Type",
								"value": "application/json"
							},
							{
								"key": "User-Agent",
								"value": "insomnia/10.1.1"
							}
						],
						"body": {
							"mode": "raw",
							"raw": "\"COMPLETED\"",
							"options": {
								"raw": {
									"language": "json"
								}
							}
						},
						"url": {
							"raw": "localhost:8080/orders/1/orderId/3/updatestate",
							"host": [
								"localhost"
							],
							"port": "8080",
							"path": [
								"orders",
								"1",
								"orderId",
								"3",
								"updatestate"
							]
						}
					},
					"response": []
				},
				{
					"name": "orderservice delete order by id",
					"event": [
						{
							"listen": "test",
							"script": {
								"exec": [
									""
								],
								"type": "text/javascript",
								"packages": {}
							}
						}
					],
					"protocolProfileBehavior": {
						"followRedirects": true,
						"disableUrlEncoding": false,
						"disableCookies": false
					},
					"request": {
						"auth": {
							"type": "noauth"
						},
						"method": "DELETE",
						"header": [
							{
								"key": "User-Agent",
								"value": "insomnia/10.1.1"
							}
						],
						"url": {
							"raw": "localhost:8080/orders/deletebyid/1",
							"host": [
								"localhost"
							],
							"port": "8080",
							"path": [
								"orders",
								"deletebyid",
								"1"
							]
						}
					},
					"response": []
				},
				{
					"name": "orderservice get order by userId",
					"event": [
						{
							"listen": "test",
							"script": {
								"exec": [
									""
								],
								"type": "text/javascript",
								"packages": {}
							}
						}
					],
					"protocolProfileBehavior": {
						"followRedirects": true,
						"disableUrlEncoding": false,
						"disableCookies": false
					},
					"request": {
						"auth": {
							"type": "noauth"
						},
						"method": "GET",
						"header": [
							{
								"key": "User-Agent",
								"value": "insomnia/10.1.1"
							}
						],
						"url": {
							"raw": "localhost:8080/orders/byuserId/2",
							"host": [
								"localhost"
							],
							"port": "8080",
							"path": [
								"orders",
								"byuserId",
								"2"
							]
						}
					},
					"response": []
				},
				{
					"name": "orderservice addorders",
					"event": [
						{
							"listen": "test",
							"script": {
								"exec": [
									""
								],
								"type": "text/javascript",
								"packages": {}
							}
						}
					],
					"protocolProfileBehavior": {
						"followRedirects": true,
						"disableUrlEncoding": false,
						"disableCookies": false
					},
					"request": {
						"auth": {
							"type": "bearer",
							"bearer": [
								{
									"key": "token",
									"value": "eyJhbGciOiJIUzI1NiJ9.eyJyb2xlcyI6IkFETUlOIiwic3ViIjoiU2hhbmthckFkbWluIiwiaWF0IjoxNzM5NTI0NjA4LCJleHAiOjE3Mzk1MjgyMDh9.Q9bLFJfJmBEbKri-l7ECximJSWBeUyzsvlArXhcgmU0",
									"type": "string"
								}
							]
						},
						"method": "POST",
						"header": [
							{
								"key": "Content-Type",
								"value": "application/json"
							},
							{
								"key": "User-Agent",
								"value": "insomnia/10.1.1"
							}
						],
						"body": {
							"mode": "raw",
							"raw": "{\n\t\"userId\":\"2\",\n    \"orderId\":\"2\",\n\t\"productId\":\"7\",\n\t\"quantity\":\"5\",\n\t\"price\":\"20\"\n}",
							"options": {
								"raw": {
									"language": "json"
								}
							}
						},
						"url": {
							"raw": "localhost:8080/orders/addorders",
							"host": [
								"localhost"
							],
							"port": "8080",
							"path": [
								"orders",
								"addorders"
							]
						}
					},
					"response": []
				},
				{
					"name": "orderservice list allorders",
					"event": [
						{
							"listen": "test",
							"script": {
								"exec": [
									""
								],
								"type": "text/javascript",
								"packages": {}
							}
						}
					],
					"protocolProfileBehavior": {
						"disableBodyPruning": true,
						"followRedirects": true,
						"disableUrlEncoding": false,
						"disableCookies": false
					},
					"request": {
						"auth": {
							"type": "noauth"
						},
						"method": "GET",
						"header": [
							{
								"key": "Content-Type",
								"value": "application/json"
							},
							{
								"key": "User-Agent",
								"value": "insomnia/10.1.1"
							}
						],
						"body": {
							"mode": "raw",
							"raw": "{\n\t\"userId\":\"1\",\n\t\"productId\":\"1\",\n\t\"quantity\":\"2\",\n\t\"price\":\"200\",\n\t\"status\":\"PENDING\"\n}",
							"options": {
								"raw": {
									"language": "json"
								}
							}
						},
						"url": {
							"raw": "localhost:8080/orders/allorders",
							"host": [
								"localhost"
							],
							"port": "8080",
							"path": [
								"orders",
								"allorders"
							]
						}
					},
					"response": []
				},
				{
					"name": "Orderservice makepayment",
					"request": {
						"auth": {
							"type": "noauth"
						},
						"method": "POST",
						"header": [],
						"url": {
							"raw": "localhost:8080/orders/makePayment/2",
							"host": [
								"localhost"
							],
							"port": "8080",
							"path": [
								"orders",
								"makePayment",
								"2"
							]
						}
					},
					"response": []
				},
				{
					"name": "OrderService get cart",
					"request": {
						"method": "GET",
						"header": []
					},
					"response": []
				},
				{
					"name": "OrderService Update order",
					"request": {
						"method": "GET",
						"header": []
					},
					"response": []
				},
				{
					"name": "OrderService delete order",
					"request": {
						"method": "GET",
						"header": []
					},
					"response": []
				},
				{
					"name": "New Request",
					"request": {
						"method": "GET",
						"header": []
					},
					"response": []
				}
			]
		},
		{
			"name": "UserService",
			"item": [
				{
					"name": "UserService new User",
					"request": {
						"method": "GET",
						"header": []
					},
					"response": []
				},
				{
					"name": "UserService welcome",
					"request": {
						"method": "GET",
						"header": []
					},
					"response": []
				},
				{
					"name": "UserService token gen",
					"request": {
						"method": "GET",
						"header": []
					},
					"response": []
				},
				{
					"name": "UserService add order",
					"request": {
						"method": "GET",
						"header": []
					},
					"response": []
				}
			]
		}
	]
}